{"amplitude": 0.47487514114315316, "period": 189.97405376001353, "phase": 0.0016091262855114814, "offset": 0.8756624190580442}