{"amplitude": 0.790091317507272, "period": 316.0287181118745, "phase": -0.22489463157558112, "offset": 1.115952973264686}